{"metadata":{"asset_id":"f00a73b8-209c-4c9e-96a8-acf17d310b7b","asset_attributes":["data_asset"],"name":"HMSSSSS.csv","asset_type":"data_asset","created_at":"2020-10-19T06:34:09Z","description":"","origin_country":"us","owner_id":"IBMid-5500095RGN","project_id":"ed0a5d8b-4ff8-4a0b-a149-969f039cd918","size":29989,"tags":[],"usage":{"last_update_time":1603089250773,"last_updated_at":"2020-10-19T06:34:10Z"}},"entity":{"data_asset":{"mime_type":"text/csv","dataset":false}},"attachments":[{"id":"3710e0c4-abb5-4df9-9413-b2d4f8c04e2c","version":2,"asset_type":"data_asset","name":"HMSSSSS.csv","mime":"text/csv","datasource_type":"193a97c1-4475-4a19-b90c-295c4fdc6517","object_key":"HMSSSSS.csv","creator_id":"IBMid-5500095RGN","create_time":1603089250772,"size":29989,"is_remote":false,"is_managed":false,"is_referenced":true,"is_object_key_read_only":true,"is_user_provided_path_key":true,"transfer_complete":true,"is_partitioned":false,"complete_time_ticks":1603089250772,"user_data":{},"test_doc":0,"handle":{"bucket":"healthmonitor-donotdelete-pr-rq97b7ctpxaty5","location":"us-geo","key":"HMSSSSS.csv","upload_id":"done","max_part_num":1},"usage":{"access_count":0,"last_accessor_id":"IBMid-5500095RGN","last_access_time":1603089250772}}]}
