{"metadata":{"asset_id":"9cc35b9d-db9b-4cc9-a1cc-22bff4a14f0b","asset_attributes":["wml_model"],"name":"Health monitor - P3 DecisionTreeClassifierEstimator","asset_type":"wml_model","created_at":"2020-10-19T06:37:45Z","description":"","origin_country":"us","owner_id":"IBMid-5500095RGN","project_id":"ed0a5d8b-4ff8-4a0b-a149-969f039cd918","sandbox_id":"ed0a5d8b-4ff8-4a0b-a149-969f039cd918","size":9811,"tags":[],"usage":{"last_update_time":1603089475193,"last_updated_at":"2020-10-19T06:37:55Z"}},"entity":{"wml_model":{"hybrid_pipeline_software_specs":[{"base_id":"632d4b22-10aa-5180-88f0-f52dfb6444d7","name":"autoai-kb_3.1-py3.7"}],"pipeline":{"id":"f7a0a0a4-fa66-4b29-9cd4-929015a88e85"},"ml_version":"4.0.1","type":"wml-hybrid_0.1","schemas":{"input":[{"fields":[{"name":"Age","type":"integer"},{"name":"Temperature","type":"double"},{"name":"Systolic","type":"integer"},{"name":"Diastolic","type":"integer"},{"name":"Pulse","type":"integer"}],"id":"auto_ai_kb_input_schema"}],"output":[]},"content_location":{"connection":{"access_key_id":"1e8adb6c4d7a499097a8181ffe082576","endpoint_url":"https://s3-api.us-geo.objectstorage.softlayer.net","secret_access_key":"4e1db5efe939eaf368eae3d4b5057e1cb77da475121e4d82","accessKeyId":"1e8adb6c4d7a499097a8181ffe082576"},"contents":[{"content_format":"native","file_name":"pipeline_model.json","location":"auto_ml/304ca8b3-56d0-4cf5-ac7e-0d74894a0807/wml_data/4b3053d3-617b-428d-b43a-38bcb3c21120/assets/4b3053d3-617b-428d-b43a-38bcb3c21120_P3_cognito_output/resources/wml_model/pipeline_model.json"},{"content_format":"pipeline-node","file_name":"P3_automl.zip","location":"auto_ml/304ca8b3-56d0-4cf5-ac7e-0d74894a0807/wml_data/4b3053d3-617b-428d-b43a-38bcb3c21120/assets/4b3053d3-617b-428d-b43a-38bcb3c21120_P3_cognito_output/resources/wml_model/P3_automl.zip","pipeline_node_id":"automl"},{"content_format":"native","file_name":"pipeline_model.json","location":"auto_ml/304ca8b3-56d0-4cf5-ac7e-0d74894a0807/wml_data/4b3053d3-617b-428d-b43a-38bcb3c21120/assets/4b3053d3-617b-428d-b43a-38bcb3c21120_P3_cognito_output/resources/wml_model/pipeline_model.json"}],"location":{"path":"auto_ml/304ca8b3-56d0-4cf5-ac7e-0d74894a0807/wml_data","training":"auto_ml/304ca8b3-56d0-4cf5-ac7e-0d74894a0807/wml_data/4b3053d3-617b-428d-b43a-38bcb3c21120","training_status":"auto_ml/304ca8b3-56d0-4cf5-ac7e-0d74894a0807/wml_data/4b3053d3-617b-428d-b43a-38bcb3c21120/training-status.json","bucket":"healthmonitor-donotdelete-pr-rq97b7ctpxaty5","type":"s3","assets_path":"auto_ml/304ca8b3-56d0-4cf5-ac7e-0d74894a0807/wml_data/4b3053d3-617b-428d-b43a-38bcb3c21120/assets"},"type":"s3"},"training_data_references":[{"connection":{"endpoint_url":"https://s3-api.us-geo.objectstorage.softlayer.net","auth_endpoint":"https://iam.bluemix.net/oidc/token/","api_key":"uMg3TagJMVSgi5tDtCidxvVDw2NlupcflQXoqJ9cRCig","secret_access_key":"4e1db5efe939eaf368eae3d4b5057e1cb77da475121e4d82","access_key_id":"1e8adb6c4d7a499097a8181ffe082576","service_instance_id":"iam-ServiceId-469f7246-2eb1-4ced-b22c-3936529d960f"},"location":{"bucket":"healthmonitor-donotdelete-pr-rq97b7ctpxaty5","path":"HMSSSSS.csv","type":"s3"},"type":"s3"}],"software_spec":{"base_id":"8c1a58c6-62b5-4dc4-987a-df751c2756b6","name":"hybrid_0.1"},"content_import_state":"completed"}},"attachments":[{"id":"7de58fcc-1100-43d0-80bf-faf3ff75fc6a","version":2,"asset_type":"wml_model","name":"P3_automl.zip","datasource_type":"193a97c1-4475-4a19-b90c-295c4fdc6517","creator_id":"IBMid-5500095RGN","create_time":1603089469772,"size":8339,"is_remote":false,"is_managed":true,"is_referenced":false,"is_object_key_read_only":false,"is_user_provided_path_key":false,"transfer_complete":true,"is_partitioned":false,"complete_time_ticks":1603089471664,"user_data":{"content_format":"pipeline-node","pipeline_node_id":"automl"},"test_doc":0,"handle":{"bucket":"healthmonitor-donotdelete-pr-rq97b7ctpxaty5","location":"us-geo","type":"bluemix_cos","key":"516c7979-2c7b-4612-9f7c-96936144d59e/9cc35b9d-db9b-4cc9-a1cc-22bff4a14f0b/7de58fcc-1100-43d0-80bf-faf3ff75fc6a","upload_id":"done","max_part_num":1},"usage":{"access_count":0,"last_accessor_id":"IBMid-5500095RGN","last_access_time":1603089469772}},{"id":"4c2ab418-98e6-4a24-bf9a-8c7dc1afb4cc","version":2,"asset_type":"wml_model","name":"pipeline_model.json","datasource_type":"193a97c1-4475-4a19-b90c-295c4fdc6517","creator_id":"IBMid-5500095RGN","create_time":1603089473428,"size":1472,"is_remote":false,"is_managed":true,"is_referenced":false,"is_object_key_read_only":false,"is_user_provided_path_key":false,"transfer_complete":true,"is_partitioned":false,"complete_time_ticks":1603089475048,"user_data":{"content_format":"native"},"test_doc":0,"handle":{"bucket":"healthmonitor-donotdelete-pr-rq97b7ctpxaty5","location":"us-geo","type":"bluemix_cos","key":"516c7979-2c7b-4612-9f7c-96936144d59e/9cc35b9d-db9b-4cc9-a1cc-22bff4a14f0b/4c2ab418-98e6-4a24-bf9a-8c7dc1afb4cc","upload_id":"done","max_part_num":1},"usage":{"access_count":0,"last_accessor_id":"IBMid-5500095RGN","last_access_time":1603089473428}}]}
