{"metadata":{"asset_id":"f7a0a0a4-fa66-4b29-9cd4-929015a88e85","asset_attributes":["wml_pipeline"],"name":"Health monitor","asset_type":"wml_pipeline","created_at":"2020-10-19T06:34:33Z","description":"","origin_country":"us","owner_id":"IBMid-5500095RGN","project_id":"ed0a5d8b-4ff8-4a0b-a149-969f039cd918","sandbox_id":"ed0a5d8b-4ff8-4a0b-a149-969f039cd918","size":0,"tags":["dsx-project.ed0a5d8b-4ff8-4a0b-a149-969f039cd918"],"usage":{"last_update_time":1603089273086,"last_updated_at":"2020-10-19T06:34:33Z"}},"entity":{"wml_pipeline":{"document":{"doc_type":"pipeline","pipelines":[{"id":"autoai","nodes":[{"id":"automl","op":"kube","parameters":{"input_file_separator":",","optimization":{"compute_pipeline_notebooks_flag":true,"daub_adaptive_subsampling_max_mem_usage":15000000000,"holdout_param":0.1,"label":"status","learning_type":"classification","max_num_daub_ensembles":2,"run_cognito_flag":true,"scorer_for_ranking":"accuracy"},"output_logs":true,"stage_flag":true},"runtime_ref":"autoai","type":"execution_node"}],"runtime_ref":"hybrid"}],"primary_pipeline":"autoai","runtimes":[{"app_data":{"wml_data":{"hardware_spec":{"base_id":"a6c4923b-b8e4-444c-9f43-8a7ec3020110","name":"L"}}},"id":"autoai","name":"auto_ai.kb"}],"version":"2.0"},"ml_version":"4.0.0"}}}
